<beans xmlns="http://www.springframework.org/schema/beans"
	xmlns:xsi="http://www.w3.org/2001/XMLSchema-instance"
	xmlns:context="http://www.springframework.org/schema/context"
	xsi:schemaLocation="http://www.springframework.org/schema/beans
	http://www.springframework.org/schema/beans/spring-beans-3.0.xsd
	http://www.springframework.org/schema/context
	http://www.springframework.org/schema/context/spring-context-3.0.xsd">
	
	<!-- enable annotations -->
	<context:annotation-config></context:annotation-config>
	<context:component-scan base-package="com.hsbc.banking.*"></context:component-scan>
	<!-- create beans -->
	<!-- customer -->
	<!-- <bean id="customer1" class="com.hsbc.banking.models.Customer">
	<constructor-arg index="0" value="12345"></constructor-arg>
	<constructor-arg index="1" value="Parameswari"></constructor-arg>
	<constructor-arg index="2" value="Chennai"></constructor-arg>
	</bean>
	<bean id="customer2" class="com.hsbc.banking.models.Customer">
	<constructor-arg index="0" value="12345"></constructor-arg>
	<constructor-arg index="1" value="Parameswari"></constructor-arg>
	<constructor-arg index="2" value="Chennai"></constructor-arg>
	</bean> -->
	<!-- account -->
	<!-- <bean id="account" class="com.hsbc.banking.models.Account">
	<property name="accountNo" value="82487"></property>
	<property name="accountType" value="SAVINGS"></property>
	<property name="balance" value="32586"></property>
	</bean> -->
	<!-- Transaction -->
	<!-- <bean id="transaction" class="com.hsbc.banking.models.Transaction">
	</bean> -->
	
	
</beans>	